{
    "_comment": "This is an MRSM export file",
    "MRSM_version": "MRSM_Demo IH241118a",
    "datestamp": "Mon Nov 18 15:05:05 2024",
    "sensorGeometry": {
        "1": {
            "Radius": 22.5,
            "Angle": 0.0,
            "Orientation": 0.0,
            "X": 0.0,
            "Y": 23.5
        },
        "2": {
            "Radius": 22.5,
            "Angle": 60.0,
            "Orientation": 60.0,
            "X": 20.351596988934308,
            "Y": 11.750000000000002
        },
        "3": {
            "Radius": 22.5,
            "Angle": 120.0,
            "Orientation": 120.0,
            "X": 20.351596988934308,
            "Y": -11.749999999999995
        },
        "4": {
            "Radius": 22.5,
            "Angle": 180.0,
            "Orientation": 180.0,
            "X": 2.87791997799628e-15,
            "Y": -23.5
        },
        "5": {
            "Radius": 22.5,
            "Angle": 240.0,
            "Orientation": 240.0,
            "X": -20.351596988934304,
            "Y": -11.75000000000001
        },
        "6": {
            "Radius": 22.5,
            "Angle": 300.0,
            "Orientation": 300.0,
            "X": -20.351596988934308,
            "Y": 11.750000000000002
        },
        "7": {
            "Radius": 15.0,
            "Angle": 30.0,
            "Orientation": -60.0,
            "X": 6.633974596215561,
            "Y": 13.49038105676658
        },
        "8": {
            "Radius": 15.0,
            "Angle": 90.0,
            "Orientation": 0.0,
            "X": 15.0,
            "Y": 1.0000000000000009
        },
        "9": {
            "Radius": 15.0,
            "Angle": 150.0,
            "Orientation": 60.0,
            "X": 8.366025403784437,
            "Y": -12.49038105676658
        },
        "A": {
            "Radius": 15.0,
            "Angle": 210.0,
            "Orientation": 120.0,
            "X": -6.633974596215563,
            "Y": -13.490381056766578
        },
        "B": {
            "Radius": 15.0,
            "Angle": 270.0,
            "Orientation": 180.0,
            "X": -15.0,
            "Y": -1.0000000000000027
        },
        "C": {
            "Radius": 15.0,
            "Angle": 330.0,
            "Orientation": 240.0,
            "X": -8.366025403784446,
            "Y": 12.490381056766577
        },
        "D": {
            "Radius": 4.5,
            "Angle": 0.0,
            "Orientation": 0.0,
            "X": 0.0,
            "Y": 5.5
        },
        "E": {
            "Radius": 4.5,
            "Angle": 180.0,
            "Orientation": 180.0,
            "X": 6.735557395310443e-16,
            "Y": -5.5
        },
        "F": {
            "Radius": 2.36,
            "Angle": 0.0,
            "Orientation": 0.0,
            "X": 0.0,
            "Y": 3.36
        }
    },
    "holderAxialPositionMM": 0.0,
    "holderRotationAngleDeg": 0.0,
    "readings_X": {
        "1": -0.09478928337642276,
        "2": -0.027500650067116012,
        "3": -0.009053232571030693,
        "4": -0.00974950972749779,
        "5": -0.009103694252299491,
        "6": -0.0282289573757768,
        "7": -0.0728047773078264,
        "8": -0.009384284532436504,
        "9": -0.009019632322195758,
        "A": -0.0097148875369279,
        "B": -0.009826561718709324,
        "C": -0.07375728291713744,
        "D": -0.02879840337737819,
        "E": -0.009561622339910045,
        "F": -0.009274693602175154
    },
    "readings_Y": {
        "1": 0.844122039013997,
        "2": 0.2693729641734375,
        "3": 0.08267625671060445,
        "4": 0.08688528409165487,
        "5": 0.08457200003925826,
        "6": 0.2577237569299135,
        "7": 0.6872683542478044,
        "8": 0.08525444628069952,
        "9": 0.08274438898679877,
        "A": 0.0891558599946382,
        "B": 0.085291865431767,
        "C": 0.7158081233522818,
        "D": 0.25264455112141226,
        "E": 0.08686596980510637,
        "F": 0.0881348833021178
    },
    "readings_Z": {
        "1": 0.6747153799644245,
        "2": 0.19537238918333089,
        "3": 0.06625231187153766,
        "4": 0.0659205404829986,
        "5": 0.06517357065353618,
        "6": 0.2045597257614825,
        "7": 0.5085756510526291,
        "8": 0.06795673280687237,
        "9": 0.06321036479531547,
        "A": 0.06938255802702621,
        "B": 0.06598178742723526,
        "C": 0.5044189558074688,
        "D": 0.20364389925853982,
        "E": 0.06403179081019666,
        "F": 0.06714729772142987
    }
}